[
  {
    "model": "admin.logentry",
    "pk": 1,
    "fields": {
      "action_time": "2024-08-01T14:02:29.257Z",
      "user": 1,
      "content_type": 7,
      "object_id": "14171330-f0c9-4db6-93a7-77dd9177bea3",
      "object_repr": "user one",
      "action_flag": 1,
      "change_message": "[{\"added\": {}}]"
    }
  },
  {
    "model": "admin.logentry",
    "pk": 2,
    "fields": {
      "action_time": "2024-08-01T14:02:34.717Z",
      "user": 1,
      "content_type": 7,
      "object_id": "8fc03fbc-86bc-4e34-b63c-f3423c49486e",
      "object_repr": "user two",
      "action_flag": 1,
      "change_message": "[{\"added\": {}}]"
    }
  },
  {
    "model": "admin.logentry",
    "pk": 3,
    "fields": {
      "action_time": "2024-08-01T14:02:40.913Z",
      "user": 1,
      "content_type": 7,
      "object_id": "00cc336c-db3a-4258-b74e-d87b7eb0369f",
      "object_repr": "user three",
      "action_flag": 1,
      "change_message": "[{\"added\": {}}]"
    }
  },
  {
    "model": "admin.logentry",
    "pk": 4,
    "fields": {
      "action_time": "2024-08-01T14:02:51.176Z",
      "user": 1,
      "content_type": 7,
      "object_id": "77f960bf-355c-4183-8c77-4430d22a49e7",
      "object_repr": "user four",
      "action_flag": 1,
      "change_message": "[{\"added\": {}}]"
    }
  },
  {
    "model": "admin.logentry",
    "pk": 5,
    "fields": {
      "action_time": "2024-08-01T14:02:57.567Z",
      "user": 1,
      "content_type": 7,
      "object_id": "98a10c1c-b29b-472e-b00d-518e14f61d45",
      "object_repr": "user five",
      "action_flag": 1,
      "change_message": "[{\"added\": {}}]"
    }
  },
  {
    "model": "admin.logentry",
    "pk": 6,
    "fields": {
      "action_time": "2024-08-01T14:03:03.481Z",
      "user": 1,
      "content_type": 7,
      "object_id": "beff6c19-9163-4cef-9df5-15e8b7436f58",
      "object_repr": "user five",
      "action_flag": 1,
      "change_message": "[{\"added\": {}}]"
    }
  },
  {
    "model": "admin.logentry",
    "pk": 7,
    "fields": {
      "action_time": "2024-08-01T14:03:45.253Z",
      "user": 1,
      "content_type": 7,
      "object_id": "beff6c19-9163-4cef-9df5-15e8b7436f58",
      "object_repr": "user five",
      "action_flag": 3,
      "change_message": ""
    }
  },
  {
    "model": "admin.logentry",
    "pk": 8,
    "fields": {
      "action_time": "2024-08-01T14:04:02.406Z",
      "user": 1,
      "content_type": 7,
      "object_id": "02428ac2-07d0-4962-83b1-3d4e00016c53",
      "object_repr": "user six",
      "action_flag": 1,
      "change_message": "[{\"added\": {}}]"
    }
  },
  {
    "model": "admin.logentry",
    "pk": 9,
    "fields": {
      "action_time": "2024-08-01T14:04:17.798Z",
      "user": 1,
      "content_type": 7,
      "object_id": "6fce1b01-e829-40ba-8324-78877b283c4c",
      "object_repr": "user seven",
      "action_flag": 1,
      "change_message": "[{\"added\": {}}]"
    }
  },
  {
    "model": "admin.logentry",
    "pk": 10,
    "fields": {
      "action_time": "2024-08-01T14:04:30.843Z",
      "user": 1,
      "content_type": 7,
      "object_id": "b8a25ddc-2db4-4130-a32f-133cb07aaf1c",
      "object_repr": "user eight",
      "action_flag": 1,
      "change_message": "[{\"added\": {}}]"
    }
  },
  {
    "model": "admin.logentry",
    "pk": 11,
    "fields": {
      "action_time": "2024-08-01T14:05:08.163Z",
      "user": 1,
      "content_type": 12,
      "object_id": "986c15f7-89de-4a0c-b3a7-10be8f569d0b",
      "object_repr": "House one",
      "action_flag": 1,
      "change_message": "[{\"added\": {}}, {\"added\": {\"name\": \"group members\", \"object\": \"user two - House one \"}}, {\"added\": {\"name\": \"group members\", \"object\": \"user three - House one \"}}, {\"added\": {\"name\": \"group members\", \"object\": \"user four - House one \"}}, {\"added\": {\"name\": \"group admins\", \"object\": \"GroupAdmins object (1)\"}}]"
    }
  },
  {
    "model": "admin.logentry",
    "pk": 12,
    "fields": {
      "action_time": "2024-08-01T14:05:31.198Z",
      "user": 1,
      "content_type": 12,
      "object_id": "e8208adb-0380-4958-90aa-2d24e1a8b680",
      "object_repr": "House two",
      "action_flag": 1,
      "change_message": "[{\"added\": {}}, {\"added\": {\"name\": \"group members\", \"object\": \"user five - House two \"}}, {\"added\": {\"name\": \"group members\", \"object\": \"user six - House two \"}}, {\"added\": {\"name\": \"group members\", \"object\": \"user seven - House two \"}}, {\"added\": {\"name\": \"group members\", \"object\": \"user eight - House two \"}}, {\"added\": {\"name\": \"group members\", \"object\": \"user one - House two \"}}, {\"added\": {\"name\": \"group admins\", \"object\": \"GroupAdmins object (2)\"}}]"
    }
  },
  {
    "model": "admin.logentry",
    "pk": 13,
    "fields": {
      "action_time": "2024-08-01T14:07:27.782Z",
      "user": 1,
      "content_type": 8,
      "object_id": "10dfce5d-8603-4e68-958b-1a267d4c28db",
      "object_repr": "Water - House one",
      "action_flag": 1,
      "change_message": "[{\"added\": {}}, {\"added\": {\"name\": \"payer payments\", \"object\": \"user one - Water\"}}, {\"added\": {\"name\": \"participants of expense payment\", \"object\": \"user two - Water\"}}, {\"added\": {\"name\": \"participants of expense payment\", \"object\": \"user three - Water\"}}, {\"added\": {\"name\": \"participants of expense payment\", \"object\": \"user four - Water\"}}]"
    }
  },
  {
    "model": "admin.logentry",
    "pk": 14,
    "fields": {
      "action_time": "2024-08-01T14:08:30.178Z",
      "user": 1,
      "content_type": 8,
      "object_id": "10dfce5d-8603-4e68-958b-1a267d4c28db",
      "object_repr": "Water - House one",
      "action_flag": 2,
      "change_message": "[{\"added\": {\"name\": \"settle participant expense up\", \"object\": \"user two - Water\"}}, {\"added\": {\"name\": \"settle participant expense up\", \"object\": \"user three - Water\"}}, {\"added\": {\"name\": \"settle participant expense up\", \"object\": \"user four - Water\"}}]"
    }
  },
  {
    "model": "admin.logentry",
    "pk": 15,
    "fields": {
      "action_time": "2024-08-01T14:10:48.733Z",
      "user": 1,
      "content_type": 8,
      "object_id": "ee32f518-9e91-4d67-b64d-ce55c9321db6",
      "object_repr": "Gas bill - House two",
      "action_flag": 1,
      "change_message": "[{\"added\": {}}, {\"added\": {\"name\": \"payer payments\", \"object\": \"user one - Gas bill\"}}, {\"added\": {\"name\": \"participants of expense payment\", \"object\": \"user five - Gas bill\"}}, {\"added\": {\"name\": \"participants of expense payment\", \"object\": \"user six - Gas bill\"}}, {\"added\": {\"name\": \"participants of expense payment\", \"object\": \"user seven - Gas bill\"}}, {\"added\": {\"name\": \"participants of expense payment\", \"object\": \"user eight - Gas bill\"}}, {\"added\": {\"name\": \"participants of expense payment\", \"object\": \"user one - Gas bill\"}}]"
    }
  },
  {
    "model": "admin.logentry",
    "pk": 16,
    "fields": {
      "action_time": "2024-08-01T14:11:45.183Z",
      "user": 1,
      "content_type": 8,
      "object_id": "ee32f518-9e91-4d67-b64d-ce55c9321db6",
      "object_repr": "Gas bill - House two",
      "action_flag": 2,
      "change_message": "[{\"added\": {\"name\": \"settle participant expense up\", \"object\": \"user one - Gas bill\"}}, {\"added\": {\"name\": \"settle participant expense up\", \"object\": \"user five - Gas bill\"}}, {\"added\": {\"name\": \"settle participant expense up\", \"object\": \"user six - Gas bill\"}}, {\"added\": {\"name\": \"settle participant expense up\", \"object\": \"user seven - Gas bill\"}}, {\"added\": {\"name\": \"settle participant expense up\", \"object\": \"user eight - Gas bill\"}}]"
    }
  },
  {
    "model": "admin.logentry",
    "pk": 17,
    "fields": {
      "action_time": "2024-08-01T14:12:10.610Z",
      "user": 1,
      "content_type": 8,
      "object_id": "10dfce5d-8603-4e68-958b-1a267d4c28db",
      "object_repr": "Water - House one",
      "action_flag": 2,
      "change_message": "[{\"changed\": {\"fields\": [\"Description\"]}}]"
    }
  },
  {
    "model": "admin.logentry",
    "pk": 18,
    "fields": {
      "action_time": "2024-08-01T14:12:26.009Z",
      "user": 1,
      "content_type": 12,
      "object_id": "e8208adb-0380-4958-90aa-2d24e1a8b680",
      "object_repr": "House two",
      "action_flag": 2,
      "change_message": "[{\"changed\": {\"name\": \"group admins\", \"object\": \"GroupAdmins object (2)\", \"fields\": [\"Is admin a member\"]}}]"
    }
  },
  {
    "model": "auth.permission",
    "pk": 1,
    "fields": {
      "name": "Can add log entry",
      "content_type": 1,
      "codename": "add_logentry"
    }
  },
  {
    "model": "auth.permission",
    "pk": 2,
    "fields": {
      "name": "Can change log entry",
      "content_type": 1,
      "codename": "change_logentry"
    }
  },
  {
    "model": "auth.permission",
    "pk": 3,
    "fields": {
      "name": "Can delete log entry",
      "content_type": 1,
      "codename": "delete_logentry"
    }
  },
  {
    "model": "auth.permission",
    "pk": 4,
    "fields": {
      "name": "Can view log entry",
      "content_type": 1,
      "codename": "view_logentry"
    }
  },
  {
    "model": "auth.permission",
    "pk": 5,
    "fields": {
      "name": "Can add permission",
      "content_type": 2,
      "codename": "add_permission"
    }
  },
  {
    "model": "auth.permission",
    "pk": 6,
    "fields": {
      "name": "Can change permission",
      "content_type": 2,
      "codename": "change_permission"
    }
  },
  {
    "model": "auth.permission",
    "pk": 7,
    "fields": {
      "name": "Can delete permission",
      "content_type": 2,
      "codename": "delete_permission"
    }
  },
  {
    "model": "auth.permission",
    "pk": 8,
    "fields": {
      "name": "Can view permission",
      "content_type": 2,
      "codename": "view_permission"
    }
  },
  {
    "model": "auth.permission",
    "pk": 9,
    "fields": {
      "name": "Can add group",
      "content_type": 3,
      "codename": "add_group"
    }
  },
  {
    "model": "auth.permission",
    "pk": 10,
    "fields": {
      "name": "Can change group",
      "content_type": 3,
      "codename": "change_group"
    }
  },
  {
    "model": "auth.permission",
    "pk": 11,
    "fields": {
      "name": "Can delete group",
      "content_type": 3,
      "codename": "delete_group"
    }
  },
  {
    "model": "auth.permission",
    "pk": 12,
    "fields": {
      "name": "Can view group",
      "content_type": 3,
      "codename": "view_group"
    }
  },
  {
    "model": "auth.permission",
    "pk": 13,
    "fields": {
      "name": "Can add content type",
      "content_type": 4,
      "codename": "add_contenttype"
    }
  },
  {
    "model": "auth.permission",
    "pk": 14,
    "fields": {
      "name": "Can change content type",
      "content_type": 4,
      "codename": "change_contenttype"
    }
  },
  {
    "model": "auth.permission",
    "pk": 15,
    "fields": {
      "name": "Can delete content type",
      "content_type": 4,
      "codename": "delete_contenttype"
    }
  },
  {
    "model": "auth.permission",
    "pk": 16,
    "fields": {
      "name": "Can view content type",
      "content_type": 4,
      "codename": "view_contenttype"
    }
  },
  {
    "model": "auth.permission",
    "pk": 17,
    "fields": {
      "name": "Can add session",
      "content_type": 5,
      "codename": "add_session"
    }
  },
  {
    "model": "auth.permission",
    "pk": 18,
    "fields": {
      "name": "Can change session",
      "content_type": 5,
      "codename": "change_session"
    }
  },
  {
    "model": "auth.permission",
    "pk": 19,
    "fields": {
      "name": "Can delete session",
      "content_type": 5,
      "codename": "delete_session"
    }
  },
  {
    "model": "auth.permission",
    "pk": 20,
    "fields": {
      "name": "Can view session",
      "content_type": 5,
      "codename": "view_session"
    }
  },
  {
    "model": "auth.permission",
    "pk": 21,
    "fields": {
      "name": "Can add User",
      "content_type": 6,
      "codename": "add_user"
    }
  },
  {
    "model": "auth.permission",
    "pk": 22,
    "fields": {
      "name": "Can change User",
      "content_type": 6,
      "codename": "change_user"
    }
  },
  {
    "model": "auth.permission",
    "pk": 23,
    "fields": {
      "name": "Can delete User",
      "content_type": 6,
      "codename": "delete_user"
    }
  },
  {
    "model": "auth.permission",
    "pk": 24,
    "fields": {
      "name": "Can view User",
      "content_type": 6,
      "codename": "view_user"
    }
  },
  {
    "model": "auth.permission",
    "pk": 25,
    "fields": {
      "name": "Can add Buddy Profile",
      "content_type": 7,
      "codename": "add_buddyprofile"
    }
  },
  {
    "model": "auth.permission",
    "pk": 26,
    "fields": {
      "name": "Can change Buddy Profile",
      "content_type": 7,
      "codename": "change_buddyprofile"
    }
  },
  {
    "model": "auth.permission",
    "pk": 27,
    "fields": {
      "name": "Can delete Buddy Profile",
      "content_type": 7,
      "codename": "delete_buddyprofile"
    }
  },
  {
    "model": "auth.permission",
    "pk": 28,
    "fields": {
      "name": "Can view Buddy Profile",
      "content_type": 7,
      "codename": "view_buddyprofile"
    }
  },
  {
    "model": "auth.permission",
    "pk": 29,
    "fields": {
      "name": "Can add buddy expense",
      "content_type": 8,
      "codename": "add_buddyexpense"
    }
  },
  {
    "model": "auth.permission",
    "pk": 30,
    "fields": {
      "name": "Can change buddy expense",
      "content_type": 8,
      "codename": "change_buddyexpense"
    }
  },
  {
    "model": "auth.permission",
    "pk": 31,
    "fields": {
      "name": "Can delete buddy expense",
      "content_type": 8,
      "codename": "delete_buddyexpense"
    }
  },
  {
    "model": "auth.permission",
    "pk": 32,
    "fields": {
      "name": "Can view buddy expense",
      "content_type": 8,
      "codename": "view_buddyexpense"
    }
  },
  {
    "model": "auth.permission",
    "pk": 33,
    "fields": {
      "name": "Can add payer payments",
      "content_type": 9,
      "codename": "add_payerpayments"
    }
  },
  {
    "model": "auth.permission",
    "pk": 34,
    "fields": {
      "name": "Can change payer payments",
      "content_type": 9,
      "codename": "change_payerpayments"
    }
  },
  {
    "model": "auth.permission",
    "pk": 35,
    "fields": {
      "name": "Can delete payer payments",
      "content_type": 9,
      "codename": "delete_payerpayments"
    }
  },
  {
    "model": "auth.permission",
    "pk": 36,
    "fields": {
      "name": "Can view payer payments",
      "content_type": 9,
      "codename": "view_payerpayments"
    }
  },
  {
    "model": "auth.permission",
    "pk": 37,
    "fields": {
      "name": "Can add settle participant expense up",
      "content_type": 10,
      "codename": "add_settleparticipantexpenseup"
    }
  },
  {
    "model": "auth.permission",
    "pk": 38,
    "fields": {
      "name": "Can change settle participant expense up",
      "content_type": 10,
      "codename": "change_settleparticipantexpenseup"
    }
  },
  {
    "model": "auth.permission",
    "pk": 39,
    "fields": {
      "name": "Can delete settle participant expense up",
      "content_type": 10,
      "codename": "delete_settleparticipantexpenseup"
    }
  },
  {
    "model": "auth.permission",
    "pk": 40,
    "fields": {
      "name": "Can view settle participant expense up",
      "content_type": 10,
      "codename": "view_settleparticipantexpenseup"
    }
  },
  {
    "model": "auth.permission",
    "pk": 41,
    "fields": {
      "name": "Can add participants of expense payment",
      "content_type": 11,
      "codename": "add_participantsofexpensepayment"
    }
  },
  {
    "model": "auth.permission",
    "pk": 42,
    "fields": {
      "name": "Can change participants of expense payment",
      "content_type": 11,
      "codename": "change_participantsofexpensepayment"
    }
  },
  {
    "model": "auth.permission",
    "pk": 43,
    "fields": {
      "name": "Can delete participants of expense payment",
      "content_type": 11,
      "codename": "delete_participantsofexpensepayment"
    }
  },
  {
    "model": "auth.permission",
    "pk": 44,
    "fields": {
      "name": "Can view participants of expense payment",
      "content_type": 11,
      "codename": "view_participantsofexpensepayment"
    }
  },
  {
    "model": "auth.permission",
    "pk": 45,
    "fields": {
      "name": "Can add buddy group",
      "content_type": 12,
      "codename": "add_buddygroup"
    }
  },
  {
    "model": "auth.permission",
    "pk": 46,
    "fields": {
      "name": "Can change buddy group",
      "content_type": 12,
      "codename": "change_buddygroup"
    }
  },
  {
    "model": "auth.permission",
    "pk": 47,
    "fields": {
      "name": "Can delete buddy group",
      "content_type": 12,
      "codename": "delete_buddygroup"
    }
  },
  {
    "model": "auth.permission",
    "pk": 48,
    "fields": {
      "name": "Can view buddy group",
      "content_type": 12,
      "codename": "view_buddygroup"
    }
  },
  {
    "model": "auth.permission",
    "pk": 49,
    "fields": {
      "name": "Can add group members",
      "content_type": 13,
      "codename": "add_groupmembers"
    }
  },
  {
    "model": "auth.permission",
    "pk": 50,
    "fields": {
      "name": "Can change group members",
      "content_type": 13,
      "codename": "change_groupmembers"
    }
  },
  {
    "model": "auth.permission",
    "pk": 51,
    "fields": {
      "name": "Can delete group members",
      "content_type": 13,
      "codename": "delete_groupmembers"
    }
  },
  {
    "model": "auth.permission",
    "pk": 52,
    "fields": {
      "name": "Can view group members",
      "content_type": 13,
      "codename": "view_groupmembers"
    }
  },
  {
    "model": "auth.permission",
    "pk": 53,
    "fields": {
      "name": "Can add group admins",
      "content_type": 14,
      "codename": "add_groupadmins"
    }
  },
  {
    "model": "auth.permission",
    "pk": 54,
    "fields": {
      "name": "Can change group admins",
      "content_type": 14,
      "codename": "change_groupadmins"
    }
  },
  {
    "model": "auth.permission",
    "pk": 55,
    "fields": {
      "name": "Can delete group admins",
      "content_type": 14,
      "codename": "delete_groupadmins"
    }
  },
  {
    "model": "auth.permission",
    "pk": 56,
    "fields": {
      "name": "Can view group admins",
      "content_type": 14,
      "codename": "view_groupadmins"
    }
  },
  {
    "model": "contenttypes.contenttype",
    "pk": 1,
    "fields": {
      "app_label": "admin",
      "model": "logentry"
    }
  },
  {
    "model": "contenttypes.contenttype",
    "pk": 2,
    "fields": {
      "app_label": "auth",
      "model": "permission"
    }
  },
  {
    "model": "contenttypes.contenttype",
    "pk": 3,
    "fields": {
      "app_label": "auth",
      "model": "group"
    }
  },
  {
    "model": "contenttypes.contenttype",
    "pk": 4,
    "fields": {
      "app_label": "contenttypes",
      "model": "contenttype"
    }
  },
  {
    "model": "contenttypes.contenttype",
    "pk": 5,
    "fields": {
      "app_label": "sessions",
      "model": "session"
    }
  },
  {
    "model": "contenttypes.contenttype",
    "pk": 6,
    "fields": {
      "app_label": "users",
      "model": "user"
    }
  },
  {
    "model": "contenttypes.contenttype",
    "pk": 7,
    "fields": {
      "app_label": "buddy_profiles",
      "model": "buddyprofile"
    }
  },
  {
    "model": "contenttypes.contenttype",
    "pk": 8,
    "fields": {
      "app_label": "buddy_expenses",
      "model": "buddyexpense"
    }
  },
  {
    "model": "contenttypes.contenttype",
    "pk": 9,
    "fields": {
      "app_label": "buddy_expenses",
      "model": "payerpayments"
    }
  },
  {
    "model": "contenttypes.contenttype",
    "pk": 10,
    "fields": {
      "app_label": "buddy_expenses",
      "model": "settleparticipantexpenseup"
    }
  },
  {
    "model": "contenttypes.contenttype",
    "pk": 11,
    "fields": {
      "app_label": "buddy_expenses",
      "model": "participantsofexpensepayment"
    }
  },
  {
    "model": "contenttypes.contenttype",
    "pk": 12,
    "fields": {
      "app_label": "buddy_groups",
      "model": "buddygroup"
    }
  },
  {
    "model": "contenttypes.contenttype",
    "pk": 13,
    "fields": {
      "app_label": "buddy_groups",
      "model": "groupmembers"
    }
  },
  {
    "model": "contenttypes.contenttype",
    "pk": 14,
    "fields": {
      "app_label": "buddy_groups",
      "model": "groupadmins"
    }
  },
  {
    "model": "sessions.session",
    "pk": "zauphqwtw7n6mxyvt3nzps8ehjfxsg6o",
    "fields": {
      "session_data": ".eJxVjDsOwyAQRO9CHSGDWRZSpvcZ0PILTiKQjF1FuXtsyUXSjea9mTdztK3FbT0tbo7sygS7_HaewjPVA8QH1XvjodV1mT0_FH7SzqcW0-t2un8HhXrZ1yYgKJLS6DGhHEbUSMmkLIyMWVulrYBhDxg8wkjKQwZQyqCVQFp49vkCt-o2pg:1sZWMd:uRqCZBlW7NH4Vs1Ff4SJR0mvllpHeYOZPPHNBJpyVhI",
      "expire_date": "2024-08-15T14:01:07.425Z"
    }
  },
  {
    "model": "users.user",
    "pk": 1,
    "fields": {
      "password": "pbkdf2_sha256$600000$TawVUItZgaYemew1sQe92J$BiTwwyGDgy7bfjVAyEBjlTERNWICqaL/XrRyQRpX/IQ=",
      "last_login": "2024-08-01T13:35:24.435Z",
      "is_superuser": true,
      "email": "admin@admin.com",
      "modified_date": "2024-08-06",
      "is_active": true,
      "is_staff": true,
      "groups": [],
      "user_permissions": []
    }
  },
  {
    "model": "users.user",
    "pk": 2,
    "fields": {
      "password": "pbkdf2_sha256$600000$eoeFlUWEIQ9ZPw8viYvWsN$JYwJPLdZnhg5SgCt0oQWQxlXM6uLF3BUlVdoYmueUPI=",
      "last_login": null,
      "is_superuser": false,
      "email": "user1@user.com",
      "modified_date": "2024-08-06",
      "is_active": true,
      "is_staff": false,
      "groups": [],
      "user_permissions": []
    }
  },
  {
    "model": "users.user",
    "pk": 3,
    "fields": {
      "password": "pbkdf2_sha256$600000$P6hKOBvZOow4fjK7bOcUTm$1MhnoZSqemL3kamgssMRG9UCjPO6HFj8aDE9Ogtgvfg=",
      "last_login": null,
      "is_superuser": false,
      "email": "user2@user.com",
      "modified_date": "2024-08-06",
      "is_active": true,
      "is_staff": false,
      "groups": [],
      "user_permissions": []
    }
  },
  {
    "model": "users.user",
    "pk": 4,
    "fields": {
      "password": "pbkdf2_sha256$600000$Na2Qt37aIt3u5X5wJUDM8U$XsTajeJjBP4zPWfTLeJQgjDrjVmm1wX3YMob0N89Wms=",
      "last_login": null,
      "is_superuser": false,
      "email": "user3@user.com",
      "modified_date": "2024-08-06",
      "is_active": true,
      "is_staff": false,
      "groups": [],
      "user_permissions": []
    }
  },
  {
    "model": "users.user",
    "pk": 5,
    "fields": {
      "password": "pbkdf2_sha256$600000$KHDyA35dYaBzD0TeVw97jF$N6UBRa4CH/NiJ+FsUltcHrou+w6nac2dvJ+X1Jjl2f4=",
      "last_login": null,
      "is_superuser": false,
      "email": "user4@user.com",
      "modified_date": "2024-08-06",
      "is_active": true,
      "is_staff": false,
      "groups": [],
      "user_permissions": []
    }
  },
  {
    "model": "users.user",
    "pk": 6,
    "fields": {
      "password": "pbkdf2_sha256$600000$QVjPkQGvDZg41SAisefFJ7$wtoJoD1ihssSaTE5SjIPR8vm7Q+q5AfkRo0ClCqjuAI=",
      "last_login": null,
      "is_superuser": false,
      "email": "user5@user.com",
      "modified_date": "2024-08-06",
      "is_active": true,
      "is_staff": false,
      "groups": [],
      "user_permissions": []
    }
  },
  {
    "model": "users.user",
    "pk": 7,
    "fields": {
      "password": "pbkdf2_sha256$600000$po3592SNjv4yEL59E5hlWi$fI5sAKrE2sWdAOH3gtlUThbJ5S0qICxnkr9Ye5qAn3U=",
      "last_login": null,
      "is_superuser": false,
      "email": "user6@user.com",
      "modified_date": "2024-08-06",
      "is_active": true,
      "is_staff": false,
      "groups": [],
      "user_permissions": []
    }
  },
  {
    "model": "users.user",
    "pk": 8,
    "fields": {
      "password": "pbkdf2_sha256$600000$PswYDrjbLUuS9wl9zpfAsD$6GseXMQoyYnXKmbmG9JbJxHUrzQFN3T+85VAzHI2ABQ=",
      "last_login": null,
      "is_superuser": false,
      "email": "user7@user.com",
      "modified_date": "2024-08-06",
      "is_active": true,
      "is_staff": false,
      "groups": [],
      "user_permissions": []
    }
  },
  {
    "model": "users.user",
    "pk": 9,
    "fields": {
      "password": "pbkdf2_sha256$600000$oeLNapuiAHkfWAUQ7ctugD$NsxWYQ+qqExk61GGLwrJLcQP3cF6z9LLynG/lbA/Nt0=",
      "last_login": null,
      "is_superuser": false,
      "email": "user8@user.com",
      "modified_date": "2024-08-06",
      "is_active": true,
      "is_staff": false,
      "groups": [],
      "user_permissions": []
    }
  },
  {
    "model": "buddy_profiles.buddyprofile",
    "pk": "00cc336c-db3a-4258-b74e-d87b7eb0369f",
    "fields": {
      "user": 4,
      "full_name": "user three",
      "picture_url": "",
      "created_date": "2024-08-01",
      "modified_date": "2024-08-06",
      "deleted_date": null
    }
  },
  {
    "model": "buddy_profiles.buddyprofile",
    "pk": "02428ac2-07d0-4962-83b1-3d4e00016c53",
    "fields": {
      "user": 7,
      "full_name": "user six",
      "picture_url": "",
      "created_date": "2024-08-01",
      "modified_date": "2024-08-01",
      "deleted_date": null
    }
  },
  {
    "model": "buddy_profiles.buddyprofile",
    "pk": "14171330-f0c9-4db6-93a7-77dd9177bea3",
    "fields": {
      "user": 2,
      "full_name": "user one",
      "picture_url": "",
      "created_date": "2024-08-01",
      "modified_date": "2024-08-01",
      "deleted_date": null
    }
  },
  {
    "model": "buddy_profiles.buddyprofile",
    "pk": "6fce1b01-e829-40ba-8324-78877b283c4c",
    "fields": {
      "user": 8,
      "full_name": "user seven",
      "picture_url": "",
      "created_date": "2024-08-01",
      "modified_date": "2024-08-01",
      "deleted_date": null
    }
  },
  {
    "model": "buddy_profiles.buddyprofile",
    "pk": "77f960bf-355c-4183-8c77-4430d22a49e7",
    "fields": {
      "user": 5,
      "full_name": "user four",
      "picture_url": "",
      "created_date": "2024-08-01",
      "modified_date": "2024-08-01",
      "deleted_date": null
    }
  },
  {
    "model": "buddy_profiles.buddyprofile",
    "pk": "8fc03fbc-86bc-4e34-b63c-f3423c49486e",
    "fields": {
      "user": 3,
      "full_name": "user two",
      "picture_url": "",
      "created_date": "2024-08-01",
      "modified_date": "2024-08-01",
      "deleted_date": null
    }
  },
  {
    "model": "buddy_profiles.buddyprofile",
    "pk": "98a10c1c-b29b-472e-b00d-518e14f61d45",
    "fields": {
      "user": 6,
      "full_name": "user five",
      "picture_url": "",
      "created_date": "2024-08-01",
      "modified_date": "2024-08-01",
      "deleted_date": null
    }
  },
  {
    "model": "buddy_profiles.buddyprofile",
    "pk": "b8a25ddc-2db4-4130-a32f-133cb07aaf1c",
    "fields": {
      "user": 9,
      "full_name": "user eight",
      "picture_url": "",
      "created_date": "2024-08-01",
      "modified_date": "2024-08-01",
      "deleted_date": null
    }
  },
  {
    "model": "buddy_expenses.buddyexpense",
    "pk": "10dfce5d-8603-4e68-958b-1a267d4c28db",
    "fields": {
      "title": "Water",
      "buddy_group": "986c15f7-89de-4a0c-b3a7-10be8f569d0b",
      "description": "Water bill for 3 people, exclude admin",
      "total_amount": "100.000",
      "currency": "EUR",
      "type_payment_distribution": "EQUALLY",
      "evicende_picture_url": "",
      "created_date": "2024-08-01",
      "modified_date": "2024-08-01",
      "deleted_date": null
    }
  },
  {
    "model": "buddy_expenses.buddyexpense",
    "pk": "ee32f518-9e91-4d67-b64d-ce55c9321db6",
    "fields": {
      "title": "Gas bill",
      "buddy_group": "e8208adb-0380-4958-90aa-2d24e1a8b680",
      "description": "Bill for 5 people, include admin",
      "total_amount": "100.000",
      "currency": "USD",
      "type_payment_distribution": "EQUALLY",
      "evicende_picture_url": "",
      "created_date": "2024-08-01",
      "modified_date": "2024-08-01",
      "deleted_date": null
    }
  },
  {
    "model": "buddy_expenses.payerpayments",
    "pk": 1,
    "fields": {
      "who_do_simple_payment": "14171330-f0c9-4db6-93a7-77dd9177bea3",
      "what_expense_belong_to": "10dfce5d-8603-4e68-958b-1a267d4c28db",
      "amount_payment": "100.000",
      "created_date": "2024-08-01",
      "modified_date": "2024-08-01",
      "deleted_date": null
    }
  },
  {
    "model": "buddy_expenses.payerpayments",
    "pk": 2,
    "fields": {
      "who_do_simple_payment": "14171330-f0c9-4db6-93a7-77dd9177bea3",
      "what_expense_belong_to": "ee32f518-9e91-4d67-b64d-ce55c9321db6",
      "amount_payment": "99.999",
      "created_date": "2024-08-01",
      "modified_date": "2024-08-01",
      "deleted_date": null
    }
  },
  {
    "model": "buddy_expenses.settleparticipantexpenseup",
    "pk": 1,
    "fields": {
      "who_settle_simple_payment_up": "8fc03fbc-86bc-4e34-b63c-f3423c49486e",
      "what_expense_belong": "10dfce5d-8603-4e68-958b-1a267d4c28db",
      "amount_payment": "33.330",
      "created_date": "2024-08-01",
      "modified_date": "2024-08-01",
      "deleted_date": null
    }
  },
  {
    "model": "buddy_expenses.settleparticipantexpenseup",
    "pk": 2,
    "fields": {
      "who_settle_simple_payment_up": "00cc336c-db3a-4258-b74e-d87b7eb0369f",
      "what_expense_belong": "10dfce5d-8603-4e68-958b-1a267d4c28db",
      "amount_payment": "33.330",
      "created_date": "2024-08-01",
      "modified_date": "2024-08-01",
      "deleted_date": null
    }
  },
  {
    "model": "buddy_expenses.settleparticipantexpenseup",
    "pk": 3,
    "fields": {
      "who_settle_simple_payment_up": "77f960bf-355c-4183-8c77-4430d22a49e7",
      "what_expense_belong": "10dfce5d-8603-4e68-958b-1a267d4c28db",
      "amount_payment": "33.330",
      "created_date": "2024-08-01",
      "modified_date": "2024-08-01",
      "deleted_date": null
    }
  },
  {
    "model": "buddy_expenses.settleparticipantexpenseup",
    "pk": 4,
    "fields": {
      "who_settle_simple_payment_up": "14171330-f0c9-4db6-93a7-77dd9177bea3",
      "what_expense_belong": "ee32f518-9e91-4d67-b64d-ce55c9321db6",
      "amount_payment": "20.000",
      "created_date": "2024-08-01",
      "modified_date": "2024-08-01",
      "deleted_date": null
    }
  },
  {
    "model": "buddy_expenses.settleparticipantexpenseup",
    "pk": 5,
    "fields": {
      "who_settle_simple_payment_up": "98a10c1c-b29b-472e-b00d-518e14f61d45",
      "what_expense_belong": "ee32f518-9e91-4d67-b64d-ce55c9321db6",
      "amount_payment": "10.000",
      "created_date": "2024-08-01",
      "modified_date": "2024-08-01",
      "deleted_date": null
    }
  },
  {
    "model": "buddy_expenses.settleparticipantexpenseup",
    "pk": 6,
    "fields": {
      "who_settle_simple_payment_up": "02428ac2-07d0-4962-83b1-3d4e00016c53",
      "what_expense_belong": "ee32f518-9e91-4d67-b64d-ce55c9321db6",
      "amount_payment": "20.000",
      "created_date": "2024-08-01",
      "modified_date": "2024-08-01",
      "deleted_date": null
    }
  },
  {
    "model": "buddy_expenses.settleparticipantexpenseup",
    "pk": 7,
    "fields": {
      "who_settle_simple_payment_up": "6fce1b01-e829-40ba-8324-78877b283c4c",
      "what_expense_belong": "ee32f518-9e91-4d67-b64d-ce55c9321db6",
      "amount_payment": "20.000",
      "created_date": "2024-08-01",
      "modified_date": "2024-08-01",
      "deleted_date": null
    }
  },
  {
    "model": "buddy_expenses.settleparticipantexpenseup",
    "pk": 8,
    "fields": {
      "who_settle_simple_payment_up": "b8a25ddc-2db4-4130-a32f-133cb07aaf1c",
      "what_expense_belong": "ee32f518-9e91-4d67-b64d-ce55c9321db6",
      "amount_payment": "20.000",
      "created_date": "2024-08-01",
      "modified_date": "2024-08-01",
      "deleted_date": null
    }
  },
  {
    "model": "buddy_expenses.participantsofexpensepayment",
    "pk": 1,
    "fields": {
      "group_member": "8fc03fbc-86bc-4e34-b63c-f3423c49486e",
      "expense": "10dfce5d-8603-4e68-958b-1a267d4c28db",
      "percentage_to_pay": 33,
      "amount_to_pay": "33.330",
      "payment_balance": "0.000",
      "created_date": "2024-08-01",
      "modified_date": "2024-08-01",
      "deleted_date": null
    }
  },
  {
    "model": "buddy_expenses.participantsofexpensepayment",
    "pk": 2,
    "fields": {
      "group_member": "00cc336c-db3a-4258-b74e-d87b7eb0369f",
      "expense": "10dfce5d-8603-4e68-958b-1a267d4c28db",
      "percentage_to_pay": 33,
      "amount_to_pay": "33.330",
      "payment_balance": "0.000",
      "created_date": "2024-08-01",
      "modified_date": "2024-08-01",
      "deleted_date": null
    }
  },
  {
    "model": "buddy_expenses.participantsofexpensepayment",
    "pk": 3,
    "fields": {
      "group_member": "77f960bf-355c-4183-8c77-4430d22a49e7",
      "expense": "10dfce5d-8603-4e68-958b-1a267d4c28db",
      "percentage_to_pay": 33,
      "amount_to_pay": "33.330",
      "payment_balance": "0.000",
      "created_date": "2024-08-01",
      "modified_date": "2024-08-01",
      "deleted_date": null
    }
  },
  {
    "model": "buddy_expenses.participantsofexpensepayment",
    "pk": 4,
    "fields": {
      "group_member": "98a10c1c-b29b-472e-b00d-518e14f61d45",
      "expense": "ee32f518-9e91-4d67-b64d-ce55c9321db6",
      "percentage_to_pay": 20,
      "amount_to_pay": "20.000",
      "payment_balance": "10.000",
      "created_date": "2024-08-01",
      "modified_date": "2024-08-01",
      "deleted_date": null
    }
  },
  {
    "model": "buddy_expenses.participantsofexpensepayment",
    "pk": 5,
    "fields": {
      "group_member": "02428ac2-07d0-4962-83b1-3d4e00016c53",
      "expense": "ee32f518-9e91-4d67-b64d-ce55c9321db6",
      "percentage_to_pay": 20,
      "amount_to_pay": "20.000",
      "payment_balance": "0.000",
      "created_date": "2024-08-01",
      "modified_date": "2024-08-01",
      "deleted_date": null
    }
  },
  {
    "model": "buddy_expenses.participantsofexpensepayment",
    "pk": 6,
    "fields": {
      "group_member": "6fce1b01-e829-40ba-8324-78877b283c4c",
      "expense": "ee32f518-9e91-4d67-b64d-ce55c9321db6",
      "percentage_to_pay": 20,
      "amount_to_pay": "20.000",
      "payment_balance": "0.000",
      "created_date": "2024-08-01",
      "modified_date": "2024-08-01",
      "deleted_date": null
    }
  },
  {
    "model": "buddy_expenses.participantsofexpensepayment",
    "pk": 7,
    "fields": {
      "group_member": "b8a25ddc-2db4-4130-a32f-133cb07aaf1c",
      "expense": "ee32f518-9e91-4d67-b64d-ce55c9321db6",
      "percentage_to_pay": 20,
      "amount_to_pay": "20.000",
      "payment_balance": "0.000",
      "created_date": "2024-08-01",
      "modified_date": "2024-08-01",
      "deleted_date": null
    }
  },
  {
    "model": "buddy_expenses.participantsofexpensepayment",
    "pk": 8,
    "fields": {
      "group_member": "14171330-f0c9-4db6-93a7-77dd9177bea3",
      "expense": "ee32f518-9e91-4d67-b64d-ce55c9321db6",
      "percentage_to_pay": 20,
      "amount_to_pay": "20.000",
      "payment_balance": "0.000",
      "created_date": "2024-08-01",
      "modified_date": "2024-08-01",
      "deleted_date": null
    }
  },
  {
    "model": "buddy_groups.buddygroup",
    "pk": "986c15f7-89de-4a0c-b3a7-10be8f569d0b",
    "fields": {
      "name": "House one",
      "created_date": "2024-08-01",
      "modified_date": "2024-08-01",
      "deleted_date": null
    }
  },
  {
    "model": "buddy_groups.buddygroup",
    "pk": "e8208adb-0380-4958-90aa-2d24e1a8b680",
    "fields": {
      "name": "House two",
      "created_date": "2024-08-01",
      "modified_date": "2024-08-01",
      "deleted_date": null
    }
  },
  {
    "model": "buddy_groups.groupmembers",
    "pk": 1,
    "fields": {
      "buddy_profile_member": "8fc03fbc-86bc-4e34-b63c-f3423c49486e",
      "group_belong_to": "986c15f7-89de-4a0c-b3a7-10be8f569d0b",
      "created_date": "2024-08-01",
      "modified_date": "2024-08-01",
      "deleted_date": null
    }
  },
  {
    "model": "buddy_groups.groupmembers",
    "pk": 2,
    "fields": {
      "buddy_profile_member": "00cc336c-db3a-4258-b74e-d87b7eb0369f",
      "group_belong_to": "986c15f7-89de-4a0c-b3a7-10be8f569d0b",
      "created_date": "2024-08-01",
      "modified_date": "2024-08-01",
      "deleted_date": null
    }
  },
  {
    "model": "buddy_groups.groupmembers",
    "pk": 3,
    "fields": {
      "buddy_profile_member": "77f960bf-355c-4183-8c77-4430d22a49e7",
      "group_belong_to": "986c15f7-89de-4a0c-b3a7-10be8f569d0b",
      "created_date": "2024-08-01",
      "modified_date": "2024-08-01",
      "deleted_date": null
    }
  },
  {
    "model": "buddy_groups.groupmembers",
    "pk": 4,
    "fields": {
      "buddy_profile_member": "98a10c1c-b29b-472e-b00d-518e14f61d45",
      "group_belong_to": "e8208adb-0380-4958-90aa-2d24e1a8b680",
      "created_date": "2024-08-01",
      "modified_date": "2024-08-01",
      "deleted_date": null
    }
  },
  {
    "model": "buddy_groups.groupmembers",
    "pk": 5,
    "fields": {
      "buddy_profile_member": "02428ac2-07d0-4962-83b1-3d4e00016c53",
      "group_belong_to": "e8208adb-0380-4958-90aa-2d24e1a8b680",
      "created_date": "2024-08-01",
      "modified_date": "2024-08-01",
      "deleted_date": null
    }
  },
  {
    "model": "buddy_groups.groupmembers",
    "pk": 6,
    "fields": {
      "buddy_profile_member": "6fce1b01-e829-40ba-8324-78877b283c4c",
      "group_belong_to": "e8208adb-0380-4958-90aa-2d24e1a8b680",
      "created_date": "2024-08-01",
      "modified_date": "2024-08-01",
      "deleted_date": null
    }
  },
  {
    "model": "buddy_groups.groupmembers",
    "pk": 7,
    "fields": {
      "buddy_profile_member": "b8a25ddc-2db4-4130-a32f-133cb07aaf1c",
      "group_belong_to": "e8208adb-0380-4958-90aa-2d24e1a8b680",
      "created_date": "2024-08-01",
      "modified_date": "2024-08-01",
      "deleted_date": null
    }
  },
  {
    "model": "buddy_groups.groupmembers",
    "pk": 8,
    "fields": {
      "buddy_profile_member": "14171330-f0c9-4db6-93a7-77dd9177bea3",
      "group_belong_to": "e8208adb-0380-4958-90aa-2d24e1a8b680",
      "created_date": "2024-08-01",
      "modified_date": "2024-08-01",
      "deleted_date": null
    }
  },
  {
    "model": "buddy_groups.groupadmins",
    "pk": 1,
    "fields": {
      "buddy_profile_admin": "14171330-f0c9-4db6-93a7-77dd9177bea3",
      "group_belong_to": "986c15f7-89de-4a0c-b3a7-10be8f569d0b",
      "is_admin_a_member": false,
      "created_date": "2024-08-01",
      "modified_date": "2024-08-01",
      "deleted_date": null
    }
  },
  {
    "model": "buddy_groups.groupadmins",
    "pk": 2,
    "fields": {
      "buddy_profile_admin": "14171330-f0c9-4db6-93a7-77dd9177bea3",
      "group_belong_to": "e8208adb-0380-4958-90aa-2d24e1a8b680",
      "is_admin_a_member": true,
      "created_date": "2024-08-01",
      "modified_date": "2024-08-06",
      "deleted_date": null
    }
  }
]
